text,category
My 8 month old refuses to eat solid food what should I try,Nutrition
What are good finger foods for a one year old,Nutrition
My toddler only wants milk and rejects vegetables,Nutrition
How much protein does a 3 year old need daily,Nutrition
Best iron rich foods for toddlers who are picky eaters,Nutrition
My child is underweight for his age what foods help,Nutrition
Is it okay to give my baby cow milk before one year,Nutrition
How to introduce peanuts safely to avoid allergies,Nutrition
My baby wakes up every two hours at night any tips,Sleep
How to get a 2 year old to nap during the day,Sleep
My toddler fights bedtime every single night,Sleep
Is co sleeping safe for a newborn,Sleep
When should I start sleep training my baby,Sleep
My child has night terrors what should I do,Sleep
How many hours of sleep does a 4 year old need,Sleep
Baby will only sleep if held is this normal,Sleep
My son hits other kids at preschool how do I stop this,Behaviour
How to handle temper tantrums in public,Behaviour
My daughter refuses to share her toys with friends,Behaviour
Best way to discipline a 5 year old without yelling,Behaviour
My toddler bites when frustrated any advice,Behaviour
How to deal with a defiant strong willed child,Behaviour
My kid throws things when he doesnt get his way,Behaviour
Which board is better CBSE or ICSE for my child,Education
My son is struggling with reading in grade 1,Education
How to make homework time less stressful,Education
Is it too early to start phonics for a 3 year old,Education
My daughter hates going to school every morning,Education
Best extracurricular activities for a 6 year old,Education
How do I know if my child needs a tutor,Education
When should my baby start rolling over,Child Development
My 18 month old is not talking yet is this normal,Child Development
What are the developmental milestones for a 2 year old,Child Development
My toddler walks on his toes should I be concerned,Child Development
How to encourage fine motor skills in a 1 year old,Child Development
Is it normal for a 3 year old to stutter,Child Development
When do babies usually start crawling,Child Development
My baby has had a fever for two days what should I do,Health
What is a normal temperature for a toddler,Health
My child has a persistent cough should I see a doctor,Health
How to treat diaper rash at home,Health
My kid keeps getting ear infections what can help,Health
Is it safe to give paracetamol to a 2 year old,Health
My toddler has a rash all over his body,Health
What vaccines are due at 9 months,Health
"My 1 year old is a very picky eater, how can I improve meals?",Nutrition
What healthy snacks are suitable for a 2 year old?,Nutrition
"My child refuses breakfast most mornings, what can I try?",Nutrition
How can I introduce more vegetables into my child's diet?,Nutrition
What are some balanced lunch ideas for a young child?,Nutrition
"My toddler keeps asking for sweets, how should I handle it?",Nutrition
How do I encourage my child to drink enough water?,Nutrition
"My child eats very slowly at mealtimes, should I be concerned?",Nutrition
What foods are good sources of iron for children?,Nutrition
How can I make family meals healthier without making separate food for my child?,Nutrition
"My child suddenly became picky after previously eating well, what should I do?",Nutrition
What are easy healthy finger foods for a toddler?,Nutrition
"Could you help me? my 3 year old is a very picky eater, how can I improve meals?",Nutrition
I need advice: what healthy snacks are suitable for a 4 year old?,Nutrition
"As a parent, my child refuses breakfast most mornings, what can I try?",Nutrition
"I'm wondering, how can I introduce more vegetables into my child's diet?",Nutrition
Could you help me? what are some balanced lunch ideas for a young child?,Nutrition
"I need advice: my toddler keeps asking for sweets, how should I handle it?",Nutrition
"As a parent, how do I encourage my child to drink enough water?",Nutrition
"I'm wondering, my child eats very slowly at mealtimes, should I be concerned?",Nutrition
"My 1 year old keeps waking during the night, what can I do?",Sleep
How can I create a consistent bedtime routine for my child?,Sleep
"My toddler refuses to go to bed at the usual time, any suggestions?",Sleep
How many hours of sleep does a 4 year old generally need?,Sleep
"My child wakes up very early every morning, how can we improve sleep?",Sleep
How do I help my toddler stop needing a parent to fall asleep?,Sleep
"My baby only sleeps when being held, how can I build better sleep habits?",Sleep
Should my child still be taking a daytime nap?,Sleep
How can I make bedtime less stressful for the whole family?,Sleep
"My child is afraid of sleeping alone, how should I respond?",Sleep
What can I do when my toddler keeps getting out of bed?,Sleep
"My child has started waking more often at night, what could be causing it?",Sleep
"Could you help me? my 3 year old keeps waking during the night, what can I do?",Sleep
I need advice: how can I create a consistent bedtime routine for my child?,Sleep
"As a parent, my toddler refuses to go to bed at the usual time, any suggestions?",Sleep
"I'm wondering, how many hours of sleep does a 1 year old generally need?",Sleep
"Could you help me? my child wakes up very early every morning, how can we improve sleep?",Sleep
I need advice: how do I help my toddler stop needing a parent to fall asleep?,Sleep
"As a parent, my baby only sleeps when being held, how can I build better sleep habits?",Sleep
"I'm wondering, should my child still be taking a daytime nap?",Sleep
"My child has a mild fever, what should I watch for?",Health
"My toddler has a cough that is bothering them, what should I do?",Health
"My child has a runny nose and seems uncomfortable, how can I help?",Health
When should I contact a pediatrician about a child's fever?,Health
"My child has been complaining of a stomach ache, what should I consider?",Health
What signs of dehydration should parents watch for?,Health
My child has a rash and I am not sure whether it needs medical attention.,Health
"My child seems unusually tired today, when should I be concerned?",Health
What should parents know about common childhood colds?,Health
"My child says their throat hurts, what supportive care can I provide?",Health
"My child has been vomiting, what warning signs should I watch for?",Health
When is a child's cough considered something that needs medical evaluation?,Health
"Could you help me? my child has a mild fever, what should I watch for?",Health
"I need advice: my toddler has a cough that is bothering them, what should I do?",Health
"As a parent, my child has a runny nose and seems uncomfortable, how can I help?",Health
"I'm wondering, when should I contact a pediatrician about a child's fever?",Health
"Could you help me? my child has been complaining of a stomach ache, what should I consider?",Health
I need advice: what signs of dehydration should parents watch for?,Health
"As a parent, my child has a rash and I am not sure whether it needs medical attention.",Health
"I'm wondering, my child seems unusually tired today, when should I be concerned?",Health
How should I respond when my toddler has a big tantrum?,Behaviour
"My child hits when frustrated, how can I teach better ways to express feelings?",Behaviour
"My child refuses to follow simple instructions, what strategies can help?",Behaviour
How do I set boundaries without constantly yelling at my child?,Behaviour
"My child throws things when angry, how should I respond?",Behaviour
How can I teach my child patience and turn-taking?,Behaviour
"My child keeps arguing about every small request, what can I do?",Behaviour
How should I handle aggressive behaviour at preschool?,Behaviour
"My child has started lying about small things, how should I respond?",Behaviour
How can I help a child who gets frustrated very easily?,Behaviour
"My toddler screams when they do not get what they want, what is a good response?",Behaviour
How do I use positive reinforcement effectively with young children?,Behaviour
Could you help me? how should I respond when my toddler has a big tantrum?,Behaviour
"I need advice: my child hits when frustrated, how can I teach better ways to express feelings?",Behaviour
"As a parent, my child refuses to follow simple instructions, what strategies can help?",Behaviour
"I'm wondering, how do I set boundaries without constantly yelling at my child?",Behaviour
"Could you help me? my child throws things when angry, how should I respond?",Behaviour
I need advice: how can I teach my child patience and turn-taking?,Behaviour
"As a parent, my child keeps arguing about every small request, what can I do?",Behaviour
"I'm wondering, how should I handle aggressive behaviour at preschool?",Behaviour
"My child is struggling with reading, how can I support them at home?",Education
What are fun ways to improve a child's early math skills?,Education
How can I build a regular homework routine without daily arguments?,Education
"My child loses focus during homework, what can I try?",Education
How can I encourage my child to enjoy reading?,Education
What should I look for when choosing a school for my child?,Education
How can parents support learning without putting too much pressure on children?,Education
"My child is afraid of making mistakes at school, how can I help?",Education
What are good educational activities for a preschooler at home?,Education
How can I help my child become more independent with schoolwork?,Education
"My child says they hate studying, how can I make learning more engaging?",Education
How should parents communicate with teachers about learning difficulties?,Education
"Could you help me? my child is struggling with reading, how can I support them at home?",Education
I need advice: what are fun ways to improve a child's early math skills?,Education
"As a parent, how can I build a regular homework routine without daily arguments?",Education
"I'm wondering, my child loses focus during homework, what can I try?",Education
Could you help me? how can I encourage my child to enjoy reading?,Education
I need advice: what should I look for when choosing a school for my child?,Education
"As a parent, how can parents support learning without putting too much pressure on children?",Education
"I'm wondering, my child is afraid of making mistakes at school, how can I help?",Education
When do children usually start using simple sentences?,Child Development
What milestones should I expect around 2 years old?,Child Development
"My toddler is not yet using many words, what should I do?",Child Development
When do children usually start walking independently?,Child Development
How can I encourage language development through play?,Child Development
What are good activities for developing fine motor skills?,Child Development
How can I support my child's social development?,Child Development
"My child seems behind some children their age, how should I think about milestones?",Child Development
When should parents discuss a developmental concern with a pediatrician?,Child Development
What activities help develop hand-eye coordination in young children?,Child Development
How can everyday routines support early learning and development?,Child Development
"My child has lost a skill they previously had, what should I do?",Child Development
Could you help me? when do children usually start using simple sentences?,Child Development
I need advice: what milestones should I expect around 4 years old?,Child Development
"As a parent, my toddler is not yet using many words, what should I do?",Child Development
"I'm wondering, when do children usually start walking independently?",Child Development
Could you help me? how can I encourage language development through play?,Child Development
I need advice: what are good activities for developing fine motor skills?,Child Development
"As a parent, how can I support my child's social development?",Child Development
"I'm wondering, my child seems behind some children their age, how should I think about milestones?",Child Development
How do I know if my toddler is ready for potty training?,Potty Training
"My child refuses to sit on the potty, what can I try?",Potty Training
How can I make potty training less stressful?,Potty Training
"My toddler has accidents after making progress, is that normal?",Potty Training
Should I use rewards during potty training?,Potty Training
How do I handle potty training when my child is afraid of the toilet?,Potty Training
What potty training routine works well for a preschooler?,Potty Training
"My child will use the potty at home but not outside, how can I help?",Potty Training
How should I respond to accidents without shaming my child?,Potty Training
When should I seek professional advice about persistent toileting problems?,Potty Training
"As a parent, how do I know if my toddler is ready for potty training?",Potty Training
"I'm wondering, my child refuses to sit on the potty, what can I try?",Potty Training
Could you help me? how can I make potty training less stressful?,Potty Training
"I need advice: my toddler has accidents after making progress, is that normal?",Potty Training
"As a parent, should I use rewards during potty training?",Potty Training
"I'm wondering, how do I handle potty training when my child is afraid of the toilet?",Potty Training
Could you help me? what potty training routine works well for a preschooler?,Potty Training
"I need advice: my child will use the potty at home but not outside, how can I help?",Potty Training
"As a parent, how should I respond to accidents without shaming my child?",Potty Training
"I'm wondering, when should I seek professional advice about persistent toileting problems?",Potty Training
How much screen time is appropriate for a young child?,Screen Time
"My toddler gets upset when I turn off the TV, what should I do?",Screen Time
How can I create healthy screen-time boundaries at home?,Screen Time
What can I do instead of giving my child a phone when they are bored?,Screen Time
How can parents make screen transitions easier?,Screen Time
"My child wants to watch videos during every meal, how should I handle it?",Screen Time
Should parents have screen-free times during the day?,Screen Time
How can I encourage outdoor play when my child prefers screens?,Screen Time
What are signs that screen use is interfering with sleep or family routines?,Screen Time
How do I set consistent screen rules when grandparents have different rules?,Screen Time
"As a parent, how much screen time is appropriate for a young child?",Screen Time
"I'm wondering, my toddler gets upset when I turn off the TV, what should I do?",Screen Time
Could you help me? how can I create healthy screen-time boundaries at home?,Screen Time
I need advice: what can I do instead of giving my child a phone when they are bored?,Screen Time
"As a parent, how can parents make screen transitions easier?",Screen Time
"I'm wondering, my child wants to watch videos during every meal, how should I handle it?",Screen Time
Could you help me? should parents have screen-free times during the day?,Screen Time
I need advice: how can I encourage outdoor play when my child prefers screens?,Screen Time
"As a parent, what are signs that screen use is interfering with sleep or family routines?",Screen Time
"I'm wondering, how do I set consistent screen rules when grandparents have different rules?",Screen Time
How can I make my home safer for a crawling baby?,Safety
What basic safety rules should a toddler learn?,Safety
How should I childproof a kitchen?,Safety
What should parents know about car-seat safety?,Safety
How can I teach my child about road safety?,Safety
What are common choking hazards for toddlers?,Safety
How can I make bath time safer for a young child?,Safety
What should I keep out of reach of young children at home?,Safety
How can I teach a child what to do if they get separated from a parent?,Safety
What safety rules should children know around swimming pools?,Safety
"As a parent, how can I make my home safer for a crawling baby?",Safety
"I'm wondering, what basic safety rules should a toddler learn?",Safety
Could you help me? how should I childproof a kitchen?,Safety
I need advice: what should parents know about car-seat safety?,Safety
"As a parent, how can I teach my child about road safety?",Safety
"I'm wondering, what are common choking hazards for toddlers?",Safety
Could you help me? how can I make bath time safer for a young child?,Safety
I need advice: what should I keep out of reach of young children at home?,Safety
"As a parent, how can I teach a child what to do if they get separated from a parent?",Safety
"I'm wondering, what safety rules should children know around swimming pools?",Safety
"My child has been unusually worried lately, how can I support them?",Emotional Wellbeing
How can I teach my child to name and express emotions?,Emotional Wellbeing
"My child cries very easily, how should I respond?",Emotional Wellbeing
How can I help a child cope with disappointment?,Emotional Wellbeing
"My child is nervous about starting a new school, what can I do?",Emotional Wellbeing
How do I help my child calm down after becoming overwhelmed?,Emotional Wellbeing
What are simple ways to build emotional resilience in children?,Emotional Wellbeing
"My child keeps saying they are not good at anything, how can I respond?",Emotional Wellbeing
How can parents validate feelings without giving in to every demand?,Emotional Wellbeing
When should parents seek professional support for persistent emotional changes?,Emotional Wellbeing
"As a parent, my child has been unusually worried lately, how can I support them?",Emotional Wellbeing
"I'm wondering, how can I teach my child to name and express emotions?",Emotional Wellbeing
"Could you help me? my child cries very easily, how should I respond?",Emotional Wellbeing
I need advice: how can I help a child cope with disappointment?,Emotional Wellbeing
"As a parent, my child is nervous about starting a new school, what can I do?",Emotional Wellbeing
"I'm wondering, how do I help my child calm down after becoming overwhelmed?",Emotional Wellbeing
Could you help me? what are simple ways to build emotional resilience in children?,Emotional Wellbeing
"I need advice: my child keeps saying they are not good at anything, how can I respond?",Emotional Wellbeing
"As a parent, how can parents validate feelings without giving in to every demand?",Emotional Wellbeing
"I'm wondering, when should parents seek professional support for persistent emotional changes?",Emotional Wellbeing
"My child has difficulty sharing toys, how can I teach sharing?",Social Skills
How can I help my child make friends at school?,Social Skills
"My child prefers playing alone, should I be concerned?",Social Skills
How can I teach turn-taking to a preschooler?,Social Skills
"My child gets upset when other children do not follow their rules, what can I do?",Social Skills
How can I teach respectful communication between siblings?,Social Skills
"My child is shy around new people, how can I support them?",Social Skills
How can I help my child resolve small conflicts with friends?,Social Skills
"My child interrupts conversations constantly, how can I teach waiting?",Social Skills
What activities can help young children practice cooperation?,Social Skills
"As a parent, my child has difficulty sharing toys, how can I teach sharing?",Social Skills
"I'm wondering, how can I help my child make friends at school?",Social Skills
"Could you help me? my child prefers playing alone, should I be concerned?",Social Skills
I need advice: how can I teach turn-taking to a preschooler?,Social Skills
"As a parent, my child gets upset when other children do not follow their rules, what can I do?",Social Skills
"I'm wondering, how can I teach respectful communication between siblings?",Social Skills
"Could you help me? my child is shy around new people, how can I support them?",Social Skills
I need advice: how can I help my child resolve small conflicts with friends?,Social Skills
"As a parent, my child interrupts conversations constantly, how can I teach waiting?",Social Skills
"I'm wondering, what activities can help young children practice cooperation?",Social Skills
How can I set consistent rules for my child?,Parenting & Discipline
What is a good alternative to shouting when a child misbehaves?,Parenting & Discipline
How can both parents stay consistent with discipline?,Parenting & Discipline
How do I give consequences without making my child feel rejected?,Parenting & Discipline
How can I praise good behaviour without overdoing rewards?,Parenting & Discipline
What should I do when my child ignores a family rule repeatedly?,Parenting & Discipline
How can I use natural or logical consequences with a young child?,Parenting & Discipline
How can parents model calm behaviour during stressful moments?,Parenting & Discipline
How do I avoid power struggles with a strong-willed toddler?,Parenting & Discipline
What are practical positive-discipline strategies for preschoolers?,Parenting & Discipline
"As a parent, how can I set consistent rules for my child?",Parenting & Discipline
"I'm wondering, what is a good alternative to shouting when a child misbehaves?",Parenting & Discipline
Could you help me? how can both parents stay consistent with discipline?,Parenting & Discipline
I need advice: how do I give consequences without making my child feel rejected?,Parenting & Discipline
"As a parent, how can I praise good behaviour without overdoing rewards?",Parenting & Discipline
"I'm wondering, what should I do when my child ignores a family rule repeatedly?",Parenting & Discipline
Could you help me? how can I use natural or logical consequences with a young child?,Parenting & Discipline
I need advice: how can parents model calm behaviour during stressful moments?,Parenting & Discipline
"As a parent, how do I avoid power struggles with a strong-willed toddler?",Parenting & Discipline
"I'm wondering, what are practical positive-discipline strategies for preschoolers?",Parenting & Discipline
What are simple indoor activities for a toddler on a rainy day?,Activities & Play
What games can help develop problem-solving skills in young children?,Activities & Play
What are good low-cost activities for preschoolers at home?,Activities & Play
How can I encourage imaginative play?,Activities & Play
What outdoor activities are suitable for a young child?,Activities & Play
What games can help develop fine motor skills?,Activities & Play
How can everyday household tasks become learning activities?,Activities & Play
What are good parent-child activities that do not involve screens?,Activities & Play
How can I keep a toddler engaged while preparing a meal?,Activities & Play
What activities encourage language development through play?,Activities & Play
"As a parent, what are simple indoor activities for a toddler on a rainy day?",Activities & Play
"I'm wondering, what games can help develop problem-solving skills in young children?",Activities & Play
Could you help me? what are good low-cost activities for preschoolers at home?,Activities & Play
I need advice: how can I encourage imaginative play?,Activities & Play
"As a parent, what outdoor activities are suitable for a young child?",Activities & Play
"I'm wondering, what games can help develop fine motor skills?",Activities & Play
Could you help me? how can everyday household tasks become learning activities?,Activities & Play
I need advice: what are good parent-child activities that do not involve screens?,Activities & Play
"As a parent, how can I keep a toddler engaged while preparing a meal?",Activities & Play
"I'm wondering, what activities encourage language development through play?",Activities & Play
How can I create a morning routine that my child follows?,Family & Routines
"My child struggles with transitions between activities, what can help?",Family & Routines
How can I make family routines more predictable for a toddler?,Family & Routines
How can I reduce morning arguments before school?,Family & Routines
What is a good evening routine for a preschooler?,Family & Routines
How can I prepare my child for a change in routine?,Family & Routines
"My child resists getting dressed every morning, what can I try?",Family & Routines
How can parents divide routines between siblings fairly?,Family & Routines
What visual routines can help young children become independent?,Family & Routines
How can I make leaving the playground easier for my toddler?,Family & Routines
"As a parent, how can I create a morning routine that my child follows?",Family & Routines
"I'm wondering, my child struggles with transitions between activities, what can help?",Family & Routines
Could you help me? how can I make family routines more predictable for a toddler?,Family & Routines
I need advice: how can I reduce morning arguments before school?,Family & Routines
"As a parent, what is a good evening routine for a preschooler?",Family & Routines
"I'm wondering, how can I prepare my child for a change in routine?",Family & Routines
"Could you help me? my child resists getting dressed every morning, what can I try?",Family & Routines
I need advice: how can parents divide routines between siblings fairly?,Family & Routines
"As a parent, what visual routines can help young children become independent?",Family & Routines
"I'm wondering, how can I make leaving the playground easier for my toddler?",Family & Routines
